Chrom,Pos,Ref,Alt,Effect,Impact,Gene,ProteinChange
NC_007357.1,4,A,G,upstream_gene_variant,MODIFIER,PB2,
NC_007357.1,17,T,A,upstream_gene_variant,MODIFIER,PB2,
NC_007357.1,33,A,G,synonymous_variant,LOW,PB2,p.Glu2Glu
NC_007357.1,46,CTAA,TTAC,synonymous_variant,LOW,PB2,p.9
NC_007357.1,63,G,A,synonymous_variant,LOW,PB2,p.Ser12Ser
NC_007357.1,105,T,C,synonymous_variant,LOW,PB2,p.Asp26Asp
NC_007357.1,219,G,A,missense_variant,MODERATE,PB2,p.Met64Ile
NC_007357.1,243,G,A,synonymous_variant,LOW,PB2,p.Glu72Glu
NC_007357.1,249,ACAA,GCAG,synonymous_variant,LOW,PB2,p.76
NC_007357.1,258,T,C,synonymous_variant,LOW,PB2,p.Leu77Leu
NC_007357.1,282,G,A,synonymous_variant,LOW,PB2,p.Gly85Gly
NC_007357.1,291,A,G,synonymous_variant,LOW,PB2,p.Arg88Arg
NC_007357.1,327,C,T,synonymous_variant,LOW,PB2,p.Asn100Asn
NC_007357.1,340,ACA,GCG,missense_variant,MODERATE,PB2,p.Thr105Ala
NC_007357.1,349,A,G,missense_variant,MODERATE,PB2,p.Thr108Ala
NC_007357.1,354,C,T,synonymous_variant,LOW,PB2,p.Val109Val
NC_007357.1,453,T,C,synonymous_variant,LOW,PB2,p.Arg142Arg
NC_007357.1,459,GGTG,AGTT,synonymous_variant,LOW,PB2,p.146
NC_007357.1,471,CCCG,TCCT,synonymous_variant,LOW,PB2,p.150
NC_007357.1,513,T,C,synonymous_variant,LOW,PB2,p.Val162Val
NC_007357.1,531,C,T,synonymous_variant,LOW,PB2,p.Phe168Phe
NC_007357.1,585,A,G,synonymous_variant,LOW,PB2,p.Thr186Thr
NC_007357.1,609,G,A,synonymous_variant,LOW,PB2,p.Gln194Gln
NC_007357.1,618,A,G,synonymous_variant,LOW,PB2,p.Lys197Lys
NC_007357.1,627,T,C,synonymous_variant,LOW,PB2,p.Pro200Pro
NC_007357.1,636,G,T,synonymous_variant,LOW,PB2,p.Val203Val
NC_007357.1,654,A,G,synonymous_variant,LOW,PB2,p.Arg209Arg
NC_007357.1,660,G,A,synonymous_variant,LOW,PB2,p.Leu211Leu
NC_007357.1,678,T,C,synonymous_variant,LOW,PB2,p.Phe217Phe
NC_007357.1,744,T,C,synonymous_variant,LOW,PB2,p.Cys239Cys
NC_007357.1,765,C,A,synonymous_variant,LOW,PB2,p.Pro246Pro
NC_007357.1,777,A,G,synonymous_variant,LOW,PB2,p.Val250Val
NC_007357.1,786,T,C,synonymous_variant,LOW,PB2,p.Asp253Asp
NC_007357.1,840,A,G,synonymous_variant,LOW,PB2,p.Thr271Thr
NC_007357.1,852,C,T,synonymous_variant,LOW,PB2,p.Asp275Asp
NC_007357.1,867,CT,GC,synonymous_variant,LOW,PB2,p.282
NC_007357.1,897,GGGA,TGGG,synonymous_variant,LOW,PB2,p.292
NC_007357.1,918,C,T,synonymous_variant,LOW,PB2,p.Ile297Ile
NC_007357.1,930,C,T,synonymous_variant,LOW,PB2,p.Asn301Asn
NC_007357.1,942,G,A,synonymous_variant,LOW,PB2,p.Glu305Glu
NC_007357.1,976,T,C,synonymous_variant,LOW,PB2,p.Leu317Leu
NC_007357.1,990,A,T,synonymous_variant,LOW,PB2,p.Ser321Ser
NC_007357.1,1028,ATGGA,GTGGG,missense_variant,MODERATE,PB2,p.Asn334Ser
NC_007357.1,1091,A,G,missense_variant,MODERATE,PB2,p.Lys355Arg
NC_007357.1,1110,A,G,synonymous_variant,LOW,PB2,p.Glu361Glu
NC_007357.1,1134,A,G,synonymous_variant,LOW,PB2,p.Arg369Arg
NC_007357.1,1197,T,C,synonymous_variant,LOW,PB2,p.Asp390Asp
NC_007357.1,1215,AGCG,GGCA,synonymous_variant,LOW,PB2,p.398
NC_007357.1,1290,G,A,synonymous_variant,LOW,PB2,p.Val421Val
NC_007357.1,1311,G,A,synonymous_variant,LOW,PB2,p.Leu428Leu
NC_007357.1,1335,GCACTTC,ACATTTT,synonymous_variant,LOW,PB2,p.439
NC_007357.1,1347,A,G,synonymous_variant,LOW,PB2,p.Lys440Lys
NC_007357.1,1362,G,A,synonymous_variant,LOW,PB2,p.Leu445Leu
NC_007357.1,1371,C,T,synonymous_variant,LOW,PB2,p.Asn448Asn
NC_007357.1,1386,T,C,synonymous_variant,LOW,PB2,p.Pro453Pro
NC_007357.1,1392,C,T,synonymous_variant,LOW,PB2,p.Asp455Asp
NC_007357.1,1434,AAGCG,CAGCA,missense_variant,MODERATE,PB2,p.Ala471Thr
NC_007357.1,1461,G,A,synonymous_variant,LOW,PB2,p.Val478Val
NC_007357.1,1473,G,A,synonymous_variant,LOW,PB2,p.Lys482Lys
NC_007357.1,1482,A,G,synonymous_variant,LOW,PB2,p.Val485Val
NC_007357.1,1500,G,T,synonymous_variant,LOW,PB2,p.Thr491Thr
NC_007357.1,1509,GGTGGTG,AGTTGTA,synonymous_variant,LOW,PB2,p.497
NC_007357.1,1527,T,C,synonymous_variant,LOW,PB2,p.Arg500Arg
NC_007357.1,1533,G,A,synonymous_variant,LOW,PB2,p.Leu502Leu
NC_007357.1,1539,C,T,synonymous_variant,LOW,PB2,p.Val504Val
NC_007357.1,1550,A,G,missense_variant,MODERATE,PB2,p.Gln508Arg
NC_007357.1,1572,T,C,synonymous_variant,LOW,PB2,p.Pro515Pro
NC_007357.1,1581,TAGT,CAGC,synonymous_variant,LOW,PB2,p.520
NC_007357.1,1590,A,C,synonymous_variant,LOW,PB2,p.Thr521Thr
NC_007357.1,1605,G,A,synonymous_variant,LOW,PB2,p.Lys526Lys
NC_007357.1,1626,C,A,synonymous_variant,LOW,PB2,p.Ser533Ser
NC_007357.1,1659,A,G,synonymous_variant,LOW,PB2,p.Ser544Ser
NC_007357.1,1674,T,C,synonymous_variant,LOW,PB2,p.Thr549Thr
NC_007357.1,1680,A,G,synonymous_variant,LOW,PB2,p.Gln551Gln
NC_007357.1,1692,GAAT,AAAC,synonymous_variant,LOW,PB2,p.557
NC_007357.1,1707,A,G,synonymous_variant,LOW,PB2,p.Val560Val
NC_007357.1,1728,T,C,synonymous_variant,LOW,PB2,p.Asp567Asp
NC_007357.1,1734,A,G,synonymous_variant,LOW,PB2,p.Thr569Thr
NC_007357.1,1762,T,C,missense_variant,MODERATE,PB2,p.Ser579Pro
NC_007357.1,1779,GCCAAAG,ACCCAAA,synonymous_variant,LOW,PB2,p.587
NC_007357.1,1795,AGC,GGT,missense_variant,MODERATE,PB2,p.Ser590Gly
NC_007357.1,1803,T,C,synonymous_variant,LOW,PB2,p.Tyr592Tyr
NC_007357.1,1822,C,T,synonymous_variant,LOW,PB2,p.Leu599Leu
NC_007357.1,1833,G,A,synonymous_variant,LOW,PB2,p.Gln602Gln
NC_007357.1,1842,TGTTT,CGTAC,synonymous_variant,LOW,PB2,p.608
NC_007357.1,1869,A,G,synonymous_variant,LOW,PB2,p.Gln614Gln
NC_007357.1,1875,C,A,synonymous_variant,LOW,PB2,p.Ile616Ile
NC_007357.1,1906,GAGCC,AAGCA,missense_variant,MODERATE,PB2,p.GluPro627LysGln
NC_007357.1,1971,CGTG,TGTA,synonymous_variant,LOW,PB2,p.650
NC_007357.1,1980,TAAC,CAAT,synonymous_variant,LOW,PB2,p.653
NC_007357.1,1989,C,T,synonymous_variant,LOW,PB2,p.Pro654Pro
NC_007357.1,2004,C,T,synonymous_variant,LOW,PB2,p.Asn659Asn
NC_007357.1,2025,AGTCCTC,CGTTCTT,synonymous_variant,LOW,PB2,p.669
NC_007357.1,2058,A,G,synonymous_variant,LOW,PB2,p.Glu677Glu
NC_007357.1,2064,AGAC,GGAT,synonymous_variant,LOW,PB2,p.681
NC_007357.1,2073,A,G,synonymous_variant,LOW,PB2,p.Gly682Gly
NC_007357.1,2082,G,A,synonymous_variant,LOW,PB2,p.Gly685Gly
NC_007357.1,2098,T,C,synonymous_variant,LOW,PB2,p.Leu691Leu
NC_007357.1,2110,C,T,synonymous_variant,LOW,PB2,p.Leu695Leu
NC_007357.1,2123,GA,AG,missense_variant,MODERATE,PB2,p.Arg699Lys
NC_007357.1,2136,A,G,synonymous_variant,LOW,PB2,p.Arg703Arg
NC_007357.1,2145,C,A,synonymous_variant,LOW,PB2,p.Pro706Pro
NC_007357.1,2178,AAAA,GAAG,synonymous_variant,LOW,PB2,p.719
NC_007357.1,2190,G,A,synonymous_variant,LOW,PB2,p.Lys721Lys
NC_007357.1,2199,AT,GC,synonymous_variant,LOW,PB2,p.726
NC_007357.1,2206,AT,GG,missense_variant,MODERATE,PB2,p.Met727Gly
NC_007357.1,2238,G,A,synonymous_variant,LOW,PB2,p.Arg737Arg
NC_007357.1,2249,T,C,missense_variant,MODERATE,PB2,p.Phe741Ser
NC_007357.1,2311,T,C,downstream_gene_variant,MODIFIER,PB2,
NC_007358.1,4,A,G,upstream_gene_variant,MODIFIER,PB1,
NC_007358.1,54,A,G,synonymous_variant,LOW,PB1,p.Leu10Leu
NC_007358.1,60,G,A,synonymous_variant,LOW,PB1,p.Val12Val
NC_007358.1,65,C,T,missense_variant,MODERATE,PB1,p.Ala14Val
NC_007358.1,87,A,C,synonymous_variant,LOW,PB1,p.Thr21Thr
NC_007358.1,105,T,C,synonymous_variant,LOW,PB1,p.Asp27Asp
NC_007358.1,129,A,G,missense_variant,MODERATE,PB1-F2,p.Glu4Gly
NC_007358.1,165,T,C,missense_variant,MODERATE,PB1-F2,p.Ile16Thr
NC_007358.1,186,A,G,missense_variant,MODERATE,PB1-F2,p.Asn23Ser
NC_007358.1,195,G,A,missense_variant,MODERATE,PB1-F2,p.Arg26Gln
NC_007358.1,225,T,C,missense_variant,MODERATE,PB1-F2,p.Ile36Thr
NC_007358.1,261,G,C,missense_variant,MODERATE,PB1-F2,p.Arg48Pro
NC_007358.1,361,G,A,missense_variant,MODERATE,PB1,p.Val113Ile
NC_007358.1,369,G,A,missense_variant,MODERATE,PB1-F2,p.Ser84Asn
NC_007358.1,387,G,A,missense_variant,MODERATE,PB1-F2,p.Ser90Asn
NC_007358.1,405,A,G,synonymous_variant,LOW,PB1,p.Gln127Gln
NC_007358.1,426,A,T,missense_variant,MODERATE,PB1,p.Lys134Asn
NC_007358.1,435,G,A,synonymous_variant,LOW,PB1,p.Gln137Gln
NC_007358.1,447,C,T,synonymous_variant,LOW,PB1,p.Thr141Thr
NC_007358.1,468,GG,AA,missense_variant,MODERATE,PB1,p.Val149Ile
NC_007358.1,483,T,C,synonymous_variant,LOW,PB1,p.Asn153Asn
NC_007358.1,508,A,C,synonymous_variant,LOW,PB1,p.Arg162Arg
NC_007358.1,528,AGAC,GGAT,synonymous_variant,LOW,PB1,p.170
NC_007358.1,554,GAGAAATGGAA,AAGACATGGAG,missense_variant,MODERATE,PB1,p.GlyGlu177GluAsp
NC_007358.1,569,T,C,missense_variant,MODERATE,PB1,p.Ile182Thr
NC_007358.1,594,A,G,synonymous_variant,LOW,PB1,p.Arg190Arg
NC_007358.1,668,G,A,missense_variant,MODERATE,PB1,p.Arg215Lys
NC_007358.1,714,C,T,synonymous_variant,LOW,PB1,p.Asp230Asp
NC_007358.1,741,GGCA,AGCG,synonymous_variant,LOW,PB1,p.241
NC_007358.1,759,G,A,synonymous_variant,LOW,PB1,p.Gly245Gly
NC_007358.1,789,C,T,synonymous_variant,LOW,PB1,p.Val255Val
NC_007358.1,840,C,A,synonymous_variant,LOW,PB1,p.Pro272Pro
NC_007358.1,855,A,G,synonymous_variant,LOW,PB1,p.Glu277Glu
NC_007358.1,876,T,C,synonymous_variant,LOW,PB1,p.Asn284Asn
NC_007358.1,912,AGAG,TGAA,synonymous_variant,LOW,PB1,p.298
NC_007358.1,921,T,C,synonymous_variant,LOW,PB1,p.Ser299Ser
NC_007358.1,942,C,T,synonymous_variant,LOW,PB1,p.Asn306Asn
NC_007358.1,966,CCCTC,TCCTA,synonymous_variant,LOW,PB1,p.317
NC_007358.1,981,A,G,synonymous_variant,LOW,PB1,p.Leu319Leu
NC_007358.1,993,A,G,synonymous_variant,LOW,PB1,p.Thr323Thr
NC_007358.1,1011,ACCT,GCCA,synonymous_variant,LOW,PB1,p.331
NC_007358.1,1024,AGA,CGG,synonymous_variant,LOW,PB1,p.335
NC_007358.1,1065,G,A,synonymous_variant,LOW,PB1,p.Lys347Lys
NC_007358.1,1071,AAGAT,GAGAC,synonymous_variant,LOW,PB1,p.352
NC_007358.1,1080,G,A,synonymous_variant,LOW,PB1,p.Gly352Gly
NC_007358.1,1114,C,T,synonymous_variant,LOW,PB1,p.Leu364Leu
NC_007358.1,1119,G,A,synonymous_variant,LOW,PB1,p.Arg365Arg
NC_007358.1,1148,GC,AT,missense_variant,MODERATE,PB1,p.Ser375Asn
NC_007358.1,1155,CTTG,TCTT,synonymous_variant,LOW,PB1,p.379
NC_007358.1,1170,CGAATC,TGAAGT,missense_variant,MODERATE,PB1,p.Ser384Val
NC_007358.1,1181,G,A,missense_variant,MODERATE,PB1,p.Arg386Lys
NC_007358.1,1191,C,T,synonymous_variant,LOW,PB1,p.Ile389Ile
NC_007358.1,1203,A,G,synonymous_variant,LOW,PB1,p.Arg393Arg
NC_007358.1,1210,C,T,synonymous_variant,LOW,PB1,p.Leu396Leu
NC_007358.1,1221,C,T,synonymous_variant,LOW,PB1,p.Gly399Gly
NC_007358.1,1236,T,C,synonymous_variant,LOW,PB1,p.Ser404Ser
NC_007358.1,1263,T,C,synonymous_variant,LOW,PB1,p.Asn413Asn
NC_007358.1,1279,T,C,synonymous_variant,LOW,PB1,p.Leu419Leu
NC_007358.1,1305,G,A,synonymous_variant,LOW,PB1,p.Gly427Gly
NC_007358.1,1311,G,A,synonymous_variant,LOW,PB1,p.Lys429Lys
NC_007358.1,1332,C,T,synonymous_variant,LOW,PB1,p.Tyr436Tyr
NC_007358.1,1374,AGTG,CGTA,synonymous_variant,LOW,PB1,p.452
NC_007358.1,1383,ACCA,GCCG,synonymous_variant,LOW,PB1,p.455
NC_007358.1,1402,G,C,missense_variant,MODERATE,PB1,p.Glu460Gln
NC_007358.1,1410,G,A,synonymous_variant,LOW,PB1,p.Gly462Gly
NC_007358.1,1422,C,T,synonymous_variant,LOW,PB1,p.Phe466Phe
NC_007358.1,1434,C,T,synonymous_variant,LOW,PB1,p.Cys470Cys
NC_007358.1,1457,C,G,missense_variant,MODERATE,PB1,p.Thr478Ser
NC_007358.1,1485,AGGA,GGGG,synonymous_variant,LOW,PB1,p.489
NC_007358.1,1493,G,T,missense_variant,MODERATE,PB1,p.Cys490Phe
NC_007358.1,1503,A,G,synonymous_variant,LOW,PB1,p.Thr493Thr
NC_007358.1,1509,C,T,synonymous_variant,LOW,PB1,p.Phe495Phe
NC_007358.1,1524,GTTC,ATTT,synonymous_variant,LOW,PB1,p.502
NC_007358.1,1536,C,T,synonymous_variant,LOW,PB1,p.Asn504Asn
NC_007358.1,1557,C,T,synonymous_variant,LOW,PB1,p.Ser511Ser
NC_007358.1,1572,G,A,synonymous_variant,LOW,PB1,p.Gly516Gly
NC_007358.1,1587,T,C,synonymous_variant,LOW,PB1,p.Ala521Ala
NC_007358.1,1608,A,G,synonymous_variant,LOW,PB1,p.Thr528Thr
NC_007358.1,1617,G,A,synonymous_variant,LOW,PB1,p.Lys531Lys
NC_007358.1,1629,GG,AA,missense_variant,MODERATE,PB1,p.MetAsp535IleAsn
NC_007358.1,1644,A,G,synonymous_variant,LOW,PB1,p.Gly540Gly
NC_007358.1,1672,C,T,synonymous_variant,LOW,PB1,p.Leu550Leu
NC_007358.1,1680,T,C,synonymous_variant,LOW,PB1,p.Ile552Ile
NC_007358.1,1696,C,A,missense_variant,MODERATE,PB1,p.Pro558Thr
NC_007358.1,1713,G,A,synonymous_variant,LOW,PB1,p.Arg563Arg
NC_007358.1,1722,A,G,synonymous_variant,LOW,PB1,p.Thr566Thr
NC_007358.1,1734,G,A,synonymous_variant,LOW,PB1,p.Thr570Thr
NC_007358.1,1770,G,A,synonymous_variant,LOW,PB1,p.Gln582Gln
NC_007358.1,1776,C,T,synonymous_variant,LOW,PB1,p.Arg584Arg
NC_007358.1,1815,CCC,TCT,missense_variant,MODERATE,PB1,p.Pro598Leu
NC_007358.1,1830,GAAT,AAAC,synonymous_variant,LOW,PB1,p.604
NC_007358.1,1839,C,T,synonymous_variant,LOW,PB1,p.His605His
NC_007358.1,1845,GGAGGCTG,TGAAGTCT,missense_variant,MODERATE,PB1,p.AlaGly609ValCys
NC_007358.1,1857,GAAG,AAAA,synonymous_variant,LOW,PB1,p.613
NC_007358.1,1881,C,T,synonymous_variant,LOW,PB1,p.Asp619Asp
NC_007358.1,1911,CCCGTTTGTTAGT,TCCATTCGTCAGC,synonymous_variant,LOW,PB1,p.634
NC_007358.1,1938,G,A,synonymous_variant,LOW,PB1,p.Glu638Glu
NC_007358.1,1956,G,A,synonymous_variant,LOW,PB1,p.Val644Val
NC_007358.1,1977,A,G,synonymous_variant,LOW,PB1,p.Pro651Pro
NC_007358.1,1986,C,T,synonymous_variant,LOW,PB1,p.Ser654Ser
NC_007358.1,2001,A,C,synonymous_variant,LOW,PB1,p.Ala659Ala
NC_007358.1,2007,G,A,synonymous_variant,LOW,PB1,p.Ala661Ala
NC_007358.1,2028,CAAG,TAAA,synonymous_variant,LOW,PB1,p.670
NC_007358.1,2037,T,C,synonymous_variant,LOW,PB1,p.Asn671Asn
NC_007358.1,2052,CACCAGC,TACGAGT,synonymous_variant,LOW,PB1,p.679
NC_007358.1,2067,G,A,synonymous_variant,LOW,PB1,p.Gly681Gly
NC_007358.1,2091,T,C,synonymous_variant,LOW,PB1,p.Tyr689Tyr
NC_007358.1,2127,T,C,synonymous_variant,LOW,PB1,p.Pro701Pro
NC_007358.1,2148,A,C,synonymous_variant,LOW,PB1,p.Pro708Pro
NC_007358.1,2199,T,C,synonymous_variant,LOW,PB1,p.Asp725Asp
NC_007358.1,2208,TGAC,CGAT,synonymous_variant,LOW,PB1,p.730
NC_007358.1,2247,T,C,synonymous_variant,LOW,PB1,p.Ala741Ala
NC_007358.1,2280,GCTCG,ACTCA,missense_variant,MODERATE,PB1,p.Gly754Arg
NC_007358.1,2318,A,G,downstream_gene_variant,MODIFIER,PB1,
NC_007359.1,4,A,G,upstream_gene_variant,MODIFIER,PA-X,
NC_007359.1,126,A,G,synonymous_variant,LOW,PA-X,p.Lys34Lys
NC_007359.1,132,C,T,synonymous_variant,LOW,PA-X,p.Ala36Ala
NC_007359.1,144,G,A,synonymous_variant,LOW,PA-X,p.Thr40Thr
NC_007359.1,150,AGAA,GGAG,synonymous_variant,LOW,PA-X,p.44
NC_007359.1,171,A,G,synonymous_variant,LOW,PA-X,p.Ser49Ser
NC_007359.1,177,C,T,synonymous_variant,LOW,PA-X,p.Phe51Phe
NC_007359.1,196,GGC,AGT,missense_variant,MODERATE,PA-X,p.Gly58Ser
NC_007359.1,206,C,T,missense_variant,MODERATE,PA-X,p.Thr61Ile
NC_007359.1,211,A,G,missense_variant,MODERATE,PA-X,p.Ile63Val
NC_007359.1,222,C,A,synonymous_variant,LOW,PA-X,p.Gly66Gly
NC_007359.1,228,C,G,synonymous_variant,LOW,PA-X,p.Pro68Pro
NC_007359.1,249,G,A,synonymous_variant,LOW,PA-X,p.Arg75Arg
NC_007359.1,261,C,T,synonymous_variant,LOW,PA-X,p.Ile79Ile
NC_007359.1,267,GAGG,AAGA,synonymous_variant,LOW,PA-X,p.83
NC_007359.1,279,AATG,GATA,missense_variant,MODERATE,PA-X,p.Met86Ile
NC_007359.1,279,A,G,synonymous_variant,LOW,PA-X,p.Thr85Thr
NC_007359.1,291,A,T,synonymous_variant,LOW,PA-X,p.Thr89Thr
NC_007359.1,330,G,A,synonymous_variant,LOW,PA-X,p.Lys102Lys
NC_007359.1,363,G,A,synonymous_variant,LOW,PA-X,p.Lys113Lys
NC_007359.1,375,TATT,CATC,synonymous_variant,LOW,PA-X,p.119
NC_007359.1,408,C,T,synonymous_variant,LOW,PA-X,p.His128His
NC_007359.1,420,AGAA,GGAG,synonymous_variant,LOW,PA-X,p.134
NC_007359.1,444,TGAGA,CGAGG,missense_variant,MODERATE,PA-X,p.Lys142Glu
NC_007359.1,444,T,C,synonymous_variant,LOW,PA-X,p.Ser140Ser
NC_007359.1,456,C,T,synonymous_variant,LOW,PA-X,p.His144His
NC_007359.1,477,TGGA,AGGG,synonymous_variant,LOW,PA-X,p.153
NC_007359.1,522,A,G,synonymous_variant,LOW,PA-X,p.Glu166Glu
NC_007359.1,531,CC,AA,synonymous_variant,LOW,PA-X,p.171
NC_007359.1,537,C,T,synonymous_variant,LOW,PA-X,p.Ile171Ile
NC_007359.1,555,T,C,synonymous_variant,LOW,PA-X,p.Thr177Thr
NC_007359.1,583,T,C,synonymous_variant,LOW,PA-X,p.Leu187Leu
NC_007359.1,603,G,A,missense_variant,MODERATE,PA-X,p.Ser193Asn
NC_007359.1,625,G,A,missense_variant,MODERATE,PA,p.Val201Ile
NC_007359.1,635,G,A,missense_variant,MODERATE,PA-X,p.Asp204Asn
NC_007359.1,648,AGGGACTATGT,TGGAACCATGC,missense_variant,MODERATE,PA-X,p.GlnGlyLeu208LeuGluPro
NC_007359.1,663,G,A,missense_variant,MODERATE,PA-X,p.Gly213Asp
NC_007359.1,669,C,A,missense_variant,MODERATE,PA-X,p.Pro215Gln
NC_007359.1,687,TAAT,GAAC,missense_variant,MODERATE,PA-X,p.LeuIle221ArgThr
NC_007359.1,708,A,C,missense_variant,MODERATE,PA-X,p.Asn228Thr
NC_007359.1,774,G,A,missense_variant,MODERATE,PA-X,p.Arg250Gln
NC_007359.1,783,AAACGCC,GAATGCT,splice_region_variant&stop_retained_variant,LOW,PA-X,p.254
NC_007359.1,805,C,T,synonymous_variant,LOW,PA,p.Leu261Leu
NC_007359.1,816,A,G,synonymous_variant,LOW,PA,p.Thr264Thr
NC_007359.1,828,TAGAT,CAGAC,synonymous_variant,LOW,PA,p.271
NC_007359.1,849,C,T,synonymous_variant,LOW,PA,p.Pro275Pro
NC_007359.1,870,T,C,synonymous_variant,LOW,PA,p.Phe282Phe
NC_007359.1,933,G,A,synonymous_variant,LOW,PA,p.Pro303Pro
NC_007359.1,939,T,C,synonymous_variant,LOW,PA,p.Tyr305Tyr
NC_007359.1,960,A,G,synonymous_variant,LOW,PA,p.Lys312Lys
NC_007359.1,990,TGTA,CGTG,synonymous_variant,LOW,PA,p.324
NC_007359.1,1011,C,T,synonymous_variant,LOW,PA,p.Gly329Gly
NC_007359.1,1044,G,A,synonymous_variant,LOW,PA,p.Gln340Gln
NC_007359.1,1056,G,A,synonymous_variant,LOW,PA,p.Glu344Glu
NC_007359.1,1074,C,T,synonymous_variant,LOW,PA,p.Asn350Asn
NC_007359.1,1086,T,C,synonymous_variant,LOW,PA,p.Ile354Ile
NC_007359.1,1092,G,A,synonymous_variant,LOW,PA,p.Lys356Lys
NC_007359.1,1106,GG,AA,missense_variant,MODERATE,PA,p.Arg361Lys
NC_007359.1,1119,A,G,synonymous_variant,LOW,PA,p.Gln365Gln
NC_007359.1,1134,T,C,synonymous_variant,LOW,PA,p.Leu370Leu
NC_007359.1,1143,T,C,synonymous_variant,LOW,PA,p.Asn373Asn
NC_007359.1,1173,T,C,synonymous_variant,LOW,PA,p.Asp383Asp
NC_007359.1,1197,G,A,synonymous_variant,LOW,PA,p.Arg391Arg
NC_007359.1,1219,AAGC,GAGT,missense_variant,MODERATE,PA,p.LysPro399GluSer
NC_007359.1,1245,C,T,synonymous_variant,LOW,PA,p.Ile407Ile
NC_007359.1,1269,C,T,synonymous_variant,LOW,PA,p.Cys415Cys
NC_007359.1,1284,A,G,synonymous_variant,LOW,PA,p.Ser420Ser
NC_007359.1,1311,G,A,synonymous_variant,LOW,PA,p.Gly429Gly
NC_007359.1,1320,T,A,synonymous_variant,LOW,PA,p.Val432Val
NC_007359.1,1362,C,T,synonymous_variant,LOW,PA,p.Phe446Phe
NC_007359.1,1389,T,C,synonymous_variant,LOW,PA,p.Ala455Ala
NC_007359.1,1428,TT,CC,synonymous_variant,LOW,PA,p.470
NC_007359.1,1464,C,T,synonymous_variant,LOW,PA,p.Phe480Phe
NC_007359.1,1473,C,T,synonymous_variant,LOW,PA,p.Ile483Ile
NC_007359.1,1521,C,T,synonymous_variant,LOW,PA,p.Asn499Asn
NC_007359.1,1534,C,A,missense_variant,MODERATE,PA,p.Leu504Ile
NC_007359.1,1545,A,G,synonymous_variant,LOW,PA,p.Gly507Gly
NC_007359.1,1554,T,C,synonymous_variant,LOW,PA,p.His510His
NC_007359.1,1560,A,G,synonymous_variant,LOW,PA,p.Arg512Arg
NC_007359.1,1566,C,T,synonymous_variant,LOW,PA,p.Asp514Asp
NC_007359.1,1581,C,T,synonymous_variant,LOW,PA,p.Asn519Asn
NC_007359.1,1631,GA,AG,missense_variant,MODERATE,PA,p.Arg536Lys
NC_007359.1,1647,CGTTCTTCG,TGTCCTCGA,missense_variant,MODERATE,PA,p.Arg544Glu
NC_007359.1,1672,TTA,CTC,synonymous_variant,LOW,PA,p.551
NC_007359.1,1682,AAA,CAG,missense_variant,MODERATE,PA,p.GluIle553AlaVal
NC_007359.1,1695,GTCA,TTCG,synonymous_variant,LOW,PA,p.559
NC_007359.1,1710,TCTT,CCTG,synonymous_variant,LOW,PA,p.564
NC_007359.1,1719,G,A,synonymous_variant,LOW,PA,p.Val565Val
NC_007359.1,1746,G,A,synonymous_variant,LOW,PA,p.Lys574Lys
NC_007359.1,1778,CTTTT,TTCTC,missense_variant,MODERATE,PA,p.ProPhe585LeuLeu
NC_007359.1,1797,G,A,synonymous_variant,LOW,PA,p.Gln591Gln
NC_007359.1,1803,G,A,synonymous_variant,LOW,PA,p.Glu593Glu
NC_007359.1,1815,G,A,synonymous_variant,LOW,PA,p.Glu597Glu
NC_007359.1,1836,AAAA,GAAG,synonymous_variant,LOW,PA,p.606
NC_007359.1,1848,T,C,synonymous_variant,LOW,PA,p.Thr608Thr
NC_007359.1,1884,A,G,synonymous_variant,LOW,PA,p.Pro620Pro
NC_007359.1,1893,ATCA,GTCC,synonymous_variant,LOW,PA,p.625
NC_007359.1,1926,G,A,synonymous_variant,LOW,PA,p.Gly634Gly
NC_007359.1,1944,A,G,synonymous_variant,LOW,PA,p.Leu640Leu
NC_007359.1,1950,TAAA,GAAG,synonymous_variant,LOW,PA,p.644
NC_007359.1,1959,T,G,synonymous_variant,LOW,PA,p.Val645Val
NC_007359.1,1969,C,T,synonymous_variant,LOW,PA,p.Leu649Leu
NC_007359.1,2030,T,C,missense_variant,MODERATE,PA,p.Val669Ala
NC_007359.1,2061,A,G,synonymous_variant,LOW,PA,p.Gly679Gly
NC_007359.1,2076,G,A,synonymous_variant,LOW,PA,p.Gly684Gly
NC_007359.1,2112,T,C,synonymous_variant,LOW,PA,p.Asn696Asn
NC_007359.1,2136,A,G,synonymous_variant,LOW,PA,p.Ala704Ala
NC_007359.1,2158,A,G,missense_variant,MODERATE,PA,p.Thr712Ala
NC_007359.1,2169,AAG,GAA,missense_variant,MODERATE,PA,p.Arg716Lys
NC_007362.1,9,AT,TC,upstream_gene_variant,MODIFIER,HA,
NC_007362.1,43,C,T,missense_variant,MODERATE,HA,p.Leu8Phe
NC_007362.1,63,C,T,synonymous_variant,LOW,HA,p.Val14Val
NC_007362.1,202,A,G,missense_variant,MODERATE,HA,p.Asn61Asp
NC_007362.1,219,C,A,synonymous_variant,LOW,HA,p.Leu66Leu
NC_007362.1,264,T,A,synonymous_variant,LOW,HA,p.Pro81Pro
NC_007362.1,320,G,A,missense_variant,MODERATE,HA,p.Ser100Asn
NC_007362.1,326,C,T,missense_variant,MODERATE,HA,p.Ala102Val
NC_007362.1,357,C,T,synonymous_variant,LOW,HA,p.Asn112Asn
NC_007362.1,370,C,T,synonymous_variant,LOW,HA,p.Leu117Leu
NC_007362.1,392,C,T,missense_variant,MODERATE,HA,p.Thr124Ile
NC_007362.1,440,A,G,missense_variant,MODERATE,HA,p.Asn140Ser
NC_007362.1,447,T,A,missense_variant,MODERATE,HA,p.Asp142Glu
NC_007362.1,455,CA,TG,missense_variant,MODERATE,HA,p.Ser145Leu
NC_007362.1,483,TGGGAG,GGGAAA,missense_variant,MODERATE,HA,p.HisGlyArg154GlnGlyLys
NC_007362.1,535,G,A,missense_variant,MODERATE,HA,p.Ala172Thr
NC_007362.1,588,A,G,synonymous_variant,LOW,HA,p.Leu189Leu
NC_007362.1,634,A,G,missense_variant,MODERATE,HA,p.Lys205Glu
NC_007362.1,657,TTAC,CTAT,synonymous_variant,LOW,HA,p.214
NC_007362.1,672,A,G,synonymous_variant,LOW,HA,p.Gly217Gly
NC_007362.1,684,G,A,synonymous_variant,LOW,HA,p.Leu221Leu
NC_007362.1,699,TCCAGA,ACCAAG,missense_variant,MODERATE,HA,p.Glu228Arg
NC_007362.1,718,C,T,missense_variant,MODERATE,HA,p.Pro233Ser
NC_007362.1,744,A,G,synonymous_variant,LOW,HA,p.Arg241Arg
NC_007362.1,771,G,A,synonymous_variant,LOW,HA,p.Lys250Lys
NC_007362.1,783,CATCAAT,AATCAAC,synonymous_variant,LOW,HA,p.257
NC_007362.1,856,G,A,missense_variant,MODERATE,HA,p.Ala279Thr
NC_007362.1,933,T,C,synonymous_variant,LOW,HA,p.Ser304Ser
NC_007362.1,948,C,T,synonymous_variant,LOW,HA,p.Asn309Asn
NC_007362.1,957,C,T,synonymous_variant,LOW,HA,p.Pro312Pro
NC_007362.1,1017,A,G,synonymous_variant,LOW,HA,p.Gly332Gly
NC_007362.1,1028,C,G,missense_variant,MODERATE,HA,p.Thr336Ser
NC_007362.1,1035,G,A,synonymous_variant,LOW,HA,p.Gln338Gln
NC_007362.1,1063,C,T,synonymous_variant,LOW,HA,p.Leu348Leu
NC_007362.1,1143,T,C,synonymous_variant,LOW,HA,p.Asn374Asn
NC_007362.1,1158,A,G,synonymous_variant,LOW,HA,p.Gly379Gly
NC_007362.1,1224,C,T,synonymous_variant,LOW,HA,p.Ile401Ile
NC_007362.1,1272,T,C,synonymous_variant,LOW,HA,p.Asn417Asn
NC_007362.1,1278,G,A,synonymous_variant,LOW,HA,p.Leu419Leu
NC_007362.1,1287,G,A,synonymous_variant,LOW,HA,p.Arg422Arg
NC_007362.1,1306,C,A,missense_variant,MODERATE,HA,p.Gln429Lys
NC_007362.1,1320,A,G,synonymous_variant,LOW,HA,p.Gly433Gly
NC_007362.1,1356,G,A,synonymous_variant,LOW,HA,p.Leu445Leu
NC_007362.1,1371,T,C,synonymous_variant,LOW,HA,p.Asn450Asn
NC_007362.1,1416,T,C,synonymous_variant,LOW,HA,p.Tyr465Tyr
NC_007362.1,1464,T,C,synonymous_variant,LOW,HA,p.Asn481Asn
NC_007362.1,1485,C,T,synonymous_variant,LOW,HA,p.His488His
NC_007362.1,1517,A,G,missense_variant,MODERATE,HA,p.Lys499Arg
NC_007362.1,1566,C,A,missense_variant,MODERATE,HA,p.Asn515Lys
NC_007362.1,1602,G,A,missense_variant,MODERATE,HA,p.Met527Ile
NC_007362.1,1607,C,T,missense_variant,MODERATE,HA,p.Thr529Ile
NC_007362.1,1618,C,T,synonymous_variant,LOW,HA,p.Leu533Leu
NC_007362.1,1632,A,T,synonymous_variant,LOW,HA,p.Ser537Ser
NC_007362.1,1644,T,C,synonymous_variant,LOW,HA,p.Ser541Ser
NC_007362.1,1680,T,C,synonymous_variant,LOW,HA,p.Ser553Ser
NC_007362.1,1701,A,G,synonymous_variant,LOW,HA,p.Gly560Gly
NC_007360.1,29,T,C,upstream_gene_variant,MODIFIER,NP,
NC_007360.1,57,G,A,synonymous_variant,LOW,NP,p.Gln4Gln
NC_007360.1,96,A,G,synonymous_variant,LOW,NP,p.Gly17Gly
NC_007360.1,123,A,G,synonymous_variant,LOW,NP,p.Arg26Arg
NC_007360.1,135,A,G,synonymous_variant,LOW,NP,p.Gly30Gly
NC_007360.1,145,G,A,missense_variant,MODERATE,NP,p.Gly34Ser
NC_007360.1,150,A,C,synonymous_variant,LOW,NP,p.Gly35Gly
NC_007360.1,162,TTAT,CTAC,synonymous_variant,LOW,NP,p.41
NC_007360.1,180,T,A,synonymous_variant,LOW,NP,p.Thr45Thr
NC_007360.1,195,C,T,synonymous_variant,LOW,NP,p.Ser50Ser
NC_007360.1,207,A,G,synonymous_variant,LOW,NP,p.Gly54Gly
NC_007360.1,216,T,C,synonymous_variant,LOW,NP,p.Ile57Ile
NC_007360.1,246,T,A,synonymous_variant,LOW,NP,p.Val67Val
NC_007360.1,267,G,A,synonymous_variant,LOW,NP,p.Arg74Arg
NC_007360.1,275,A,G,missense_variant,MODERATE,NP,p.Lys77Arg
NC_007360.1,291,T,C,synonymous_variant,LOW,NP,p.His82His
NC_007360.1,303,G,A,synonymous_variant,LOW,NP,p.Gly86Gly
NC_007360.1,312,A,G,synonymous_variant,LOW,NP,p.Pro89Pro
NC_007360.1,318,A,G,synonymous_variant,LOW,NP,p.Lys91Lys
NC_007360.1,333,CTACCGAAGA,TTATCGGAGG,synonymous_variant,LOW,NP,p.100
NC_007360.1,351,A,G,synonymous_variant,LOW,NP,p.Gly102Gly
NC_007360.1,369,G,A,synonymous_variant,LOW,NP,p.Leu108Leu
NC_007360.1,378,T,C,synonymous_variant,LOW,NP,p.Tyr111Tyr
NC_007360.1,399,A,G,synonymous_variant,LOW,NP,p.Arg118Arg
NC_007360.1,423,AGAAGAT,GGAGGAC,synonymous_variant,LOW,NP,p.129
NC_007360.1,426,AGAT,GGAC,synonymous_variant,LOW,NP,p.129
NC_007360.1,444,CACTCACA,TACCCACC,missense_variant,MODERATE,NP,p.Met136Leu
NC_007360.1,459,C,A,synonymous_variant,LOW,NP,p.Ile138Ile
NC_007360.1,489,C,T,synonymous_variant,LOW,NP,p.Tyr148Tyr
NC_007360.1,498,A,G,synonymous_variant,LOW,NP,p.Thr151Thr
NC_007360.1,507,C,A,synonymous_variant,LOW,NP,p.Leu154Leu
NC_007360.1,519,G,A,synonymous_variant,LOW,NP,p.Gly158Gly
NC_007360.1,528,TAGA,AAGG,synonymous_variant,LOW,NP,p.163
NC_007360.1,552,A,G,synonymous_variant,LOW,NP,p.Gly169Gly
NC_007360.1,582,T,C,synonymous_variant,LOW,NP,p.Ala179Ala
NC_007360.1,588,G,A,synonymous_variant,LOW,NP,p.Ala181Ala
NC_007360.1,600,AGTCGGAACG,GGTAGGGACA,synonymous_variant,LOW,NP,p.189
NC_007360.1,621,ACTA,GCTG,synonymous_variant,LOW,NP,p.194
NC_007360.1,639,G,A,synonymous_variant,LOW,NP,p.Lys198Lys
NC_007360.1,648,T,C,synonymous_variant,LOW,NP,p.Ile201Ile
NC_007360.1,654,T,C,synonymous_variant,LOW,NP,p.Asp203Asp
NC_007360.1,672,T,C,synonymous_variant,LOW,NP,p.Gly209Gly
NC_007360.1,681,GC,AA,synonymous_variant,LOW,NP,p.214
NC_007360.1,693,A,G,synonymous_variant,LOW,NP,p.Arg216Arg
NC_007360.1,723,C,T,synonymous_variant,LOW,NP,p.Leu226Leu
NC_007360.1,768,GGTACGGGAA,AGTGCGAGAG,synonymous_variant,LOW,NP,p.245
NC_007360.1,801,G,A,synonymous_variant,LOW,NP,p.Glu252Glu
NC_007360.1,816,A,T,synonymous_variant,LOW,NP,p.Ile257Ile
NC_007360.1,861,C,T,synonymous_variant,LOW,NP,p.His272His
NC_007360.1,891,G,A,synonymous_variant,LOW,NP,p.Gly282Gly
NC_007360.1,897,C,A,synonymous_variant,LOW,NP,p.Ala284Ala
NC_007360.1,942,CGGGATT,TGGAATA,synonymous_variant,LOW,NP,p.302
NC_007360.1,960,TCTGCTG,CCTACTT,synonymous_variant,LOW,NP,p.308
NC_007360.1,960,TCTGCTG,CCTGCTT,synonymous_variant,LOW,NP,p.308
NC_007360.1,990,A,C,synonymous_variant,LOW,NP,p.Leu315Leu
NC_007360.1,1020,A,G,synonymous_variant,LOW,NP,p.Lys325Lys
NC_007360.1,1029,G,A,synonymous_variant,LOW,NP,p.Leu328Leu
NC_007360.1,1047,T,C,synonymous_variant,LOW,NP,p.His334His
NC_007360.1,1062,AGATCTG,GGACCTT,synonymous_variant,LOW,NP,p.342
NC_007360.1,1080,C,T,synonymous_variant,LOW,NP,p.Ser345Ser
NC_007360.1,1103,C,T,missense_variant,MODERATE,NP,p.Ala353Val
NC_007360.1,1110,G,A,synonymous_variant,LOW,NP,p.Arg355Arg
NC_007360.1,1116,A,G,synonymous_variant,LOW,NP,p.Gln357Gln
NC_007360.1,1122,TACT,CACC,synonymous_variant,LOW,NP,p.361
NC_007360.1,1131,A,G,synonymous_variant,LOW,NP,p.Gly362Gly
NC_007360.1,1161,AA,GG,missense_variant,MODERATE,NP,p.Thr373Ala
NC_007360.1,1175,G,A,missense_variant,MODERATE,NP,p.Ser377Asn
NC_007360.1,1212,G,A,synonymous_variant,LOW,NP,p.Arg389Arg
NC_007360.1,1218,GAGT,AAGC,synonymous_variant,LOW,NP,p.393
NC_007360.1,1245,A,G,synonymous_variant,LOW,NP,p.Arg400Arg
NC_007360.1,1260,A,G,synonymous_variant,LOW,NP,p.Gln405Gln
NC_007360.1,1266,TGTG,CGTT,synonymous_variant,LOW,NP,p.409
NC_007360.1,1275,T,C,synonymous_variant,LOW,NP,p.Pro410Pro
NC_007360.1,1296,T,C,synonymous_variant,LOW,NP,p.Asn417Asn
NC_007360.1,1326,G,A,synonymous_variant,LOW,NP,p.Ala427Ala
NC_007360.1,1332,C,T,synonymous_variant,LOW,NP,p.Phe429Phe
NC_007360.1,1338,G,A,synonymous_variant,LOW,NP,p.Gly431Gly
NC_007360.1,1344,A,T,synonymous_variant,LOW,NP,p.Thr433Thr
NC_007360.1,1356,A,G,synonymous_variant,LOW,NP,p.Thr437Thr
NC_007360.1,1383,G,A,synonymous_variant,LOW,NP,p.Arg446Arg
NC_007360.1,1395,CT,TG,missense_variant,MODERATE,NP,p.Ser451Ala
NC_007360.1,1416,T,A,synonymous_variant,LOW,NP,p.Ser457Ser
NC_007360.1,1490,G,A,missense_variant,MODERATE,NP,p.Ser482Asn
NC_007360.1,1530,A,G,synonymous_variant,LOW,NP,p.Glu495Glu
NC_007360.1,1541,G,A,splice_region_variant&stop_retained_variant,LOW,NP,p.Ter499Ter
NC_007361.1,15,ATT,TTC,upstream_gene_variant,MODIFIER,NA,
NC_007361.1,50,T,C,synonymous_variant,LOW,NA,p.Ile10Ile
NC_007361.1,69,GTTGGGATAA,ACTGGAATAG,missense_variant,MODERATE,NA,p.ValGlyIleIle17ThrGlyIleVal
NC_007361.1,86,G,A,synonymous_variant,LOW,NA,p.Leu22Leu
NC_007361.1,107,A,G,missense_variant,MODERATE,NA,p.Ile29Met
NC_007361.1,137,G,C,missense_variant,MODERATE,NA,p.Gln39His
NC_007361.1,156,G,T,missense_variant,MODERATE,NA,p.Ala46Ser
NC_007361.1,236,C,T,synonymous_variant,LOW,NA,p.Thr72Thr
NC_007361.1,242,T,G,missense_variant,MODERATE,NA,p.Phe74Leu
NC_007361.1,251,A,G,synonymous_variant,LOW,NA,p.Glu77Glu
NC_007361.1,271,C,A,missense_variant,MODERATE,NA,p.Thr84Lys
NC_007361.1,304,G,A,missense_variant,MODERATE,NA,p.Ser95Asn
NC_007361.1,318,C,T,missense_variant,MODERATE,NA,p.His100Tyr
NC_007361.1,333,G,A,missense_variant,MODERATE,NA,p.Gly105Ser
NC_007361.1,341,A,G,synonymous_variant,LOW,NA,p.Arg107Arg
NC_007361.1,464,C,T,synonymous_variant,LOW,NA,p.Thr148Thr
NC_007361.1,494,G,A,synonymous_variant,LOW,NA,p.Leu158Leu
NC_007361.1,560,G,A,synonymous_variant,LOW,NA,p.Ser180Ser
NC_007361.1,626,T,G,synonymous_variant,LOW,NA,p.Ala202Ala
NC_007361.1,647,C,T,synonymous_variant,LOW,NA,p.Asn209Asn
NC_007361.1,728,C,T,synonymous_variant,LOW,NA,p.Gly236Gly
NC_007361.1,767,G,T,synonymous_variant,LOW,NA,p.Gly249Gly
NC_007361.1,773,CTCAT,ATCAC,missense_variant,MODERATE,NA,p.Tyr253His
NC_007361.1,809,A,G,synonymous_variant,LOW,NA,p.Val263Val
NC_007361.1,828,A,G,missense_variant,MODERATE,NA,p.Asn270Asp
NC_007361.1,833,C,T,synonymous_variant,LOW,NA,p.Ala271Ala
NC_007361.1,854,G,A,synonymous_variant,LOW,NA,p.Glu278Glu
NC_007361.1,875,T,C,synonymous_variant,LOW,NA,p.Ala285Ala
NC_007361.1,914,C,T,synonymous_variant,LOW,NA,p.Gly298Gly
NC_007361.1,1019,C,T,synonymous_variant,LOW,NA,p.Gly333Gly
NC_007361.1,1038,C,T,missense_variant,MODERATE,NA,p.Pro340Ser
NC_007361.1,1050,TATGGA,GGTGGG,missense_variant,MODERATE,NA,p.Tyr344Gly
NC_007361.1,1091,T,C,synonymous_variant,LOW,NA,p.Val357Val
NC_007361.1,1133,T,C,synonymous_variant,LOW,NA,p.Phe371Phe
NC_007361.1,1165,G,A,missense_variant,MODERATE,NA,p.Gly382Glu
NC_007361.1,1175,T,C,synonymous_variant,LOW,NA,p.Ser385Ser
NC_007361.1,1181,CTCG,TTCA,synonymous_variant,LOW,NA,p.389
NC_007361.1,1253,A,G,synonymous_variant,LOW,NA,p.Glu411Glu
NC_007361.1,1263,T,C,synonymous_variant,LOW,NA,p.Leu415Leu
NC_007361.1,1296,CTA,TTG,synonymous_variant,LOW,NA,p.427
NC_007361.1,1399,ATGCC,GTGCT,missense_variant,MODERATE,NA,p.Asp460Gly
NC_007363.1,18,A,G,upstream_gene_variant,MODIFIER,M1,
NC_007363.1,25,A,G,upstream_gene_variant,MODIFIER,M1,
NC_007363.1,68,G,A,missense_variant,MODERATE,M1,p.Val15Ile
NC_007363.1,105,G,A,missense_variant,MODERATE,M1,p.Arg27Lys
NC_007363.1,112,G,A,synonymous_variant,LOW,M1,p.Glu29Glu
NC_007363.1,157,A,G,synonymous_variant,LOW,M1,p.Glu44Glu
NC_007363.1,205,A,G,synonymous_variant,LOW,M1,p.Leu60Leu
NC_007363.1,214,G,A,synonymous_variant,LOW,M1,p.Val63Val
NC_007363.1,275,T,C,synonymous_variant,LOW,M1,p.Leu84Leu
NC_007363.1,298,C,T,synonymous_variant,LOW,M1,p.Asn91Asn
NC_007363.1,325,C,T,synonymous_variant,LOW,M1,p.Tyr100Tyr
NC_007363.1,406,T,C,synonymous_variant,LOW,M1,p.Cys127Cys
NC_007363.1,445,A,G,synonymous_variant,LOW,M1,p.Thr140Thr
NC_007363.1,528,C,T,missense_variant,MODERATE,M1,p.Thr168Ile
NC_007363.1,547,G,A,synonymous_variant,LOW,M1,p.Arg174Arg
NC_007363.1,604,T,G,synonymous_variant,LOW,M1,p.Ala193Ala
NC_007363.1,610,G,A,synonymous_variant,LOW,M1,p.Ser195Ser
NC_007363.1,638,GTT,ATC,missense_variant,MODERATE,M1,p.Val205Ile
NC_007363.1,645,G,A,missense_variant,MODERATE,M1,p.Ser207Asn
NC_007363.1,696,GCTCC,ACTCT,missense_variant,MODERATE,M1,p.Ser224Asn
NC_007363.1,706,C,T,synonymous_variant,LOW,M1,p.Ala227Ala
NC_007363.1,714,A,G,missense_variant,MODERATE,M1,p.Lys230Arg
NC_007363.1,740,G,A,missense_variant,MODERATE,M1,p.Ala239Thr
NC_007363.1,748,A,G,missense_variant,MODERATE,M2,p.Lys12Arg
NC_007363.1,766,A,G,missense_variant,MODERATE,M2,p.Lys18Arg
NC_007363.1,789,C,A,missense_variant,MODERATE,M2,p.Leu26Ile
NC_007363.1,805,G,A,missense_variant,MODERATE,M2,p.Ser31Asn
NC_007363.1,818,AC,CT,synonymous_variant,LOW,M2,p.37
NC_007363.1,903,T,G,missense_variant,MODERATE,M2,p.Ser64Ala
NC_007363.1,910,A,C,missense_variant,MODERATE,M2,p.Glu66Ala
NC_007363.1,941,T,C,synonymous_variant,LOW,M2,p.Tyr76Tyr
NC_007363.1,998,GC,AT,synonymous_variant,LOW,M2,p.97
NC_007364.1,9,G,A,upstream_gene_variant,MODIFIER,NS1,
NC_007364.1,527,A,T,missense_variant,MODERATE,NEP,p.Gln14Leu
NC_007364.1,551,AA,CG,missense_variant,MODERATE,NS1,p.Ile180Val
NC_007364.1,563,T,A,missense_variant,MODERATE,NEP,p.Val26Glu
NC_007364.1,585,TCAA,ACAG,missense_variant,MODERATE,NS1,p.SerIle191ThrVal
NC_007364.1,595,CGT,TCA,missense_variant,MODERATE,NS1,p.AlaSer194ValThr
NC_007364.1,604,A,C,missense_variant,MODERATE,NS1,p.Asn197Thr
NC_007364.1,624,GGAATCCA,AGAAACAG,missense_variant,MODERATE,NS1,p.GlyIleHis204ArgAsnSer
NC_007364.1,639,A,G,missense_variant,MODERATE,NS1,p.Asn209Asp
NC_007364.1,645,GGACCTT,AGACTTC,missense_variant,MODERATE,NS1,p.GlyProSer211ArgLeuPro
NC_007364.1,665,A,T,missense_variant,MODERATE,NS1,p.Lys217Asn
NC_007364.1,674,CTAC,GAAA,missense_variant,MODERATE,NS1,p.Tyr221Lys
NC_007364.1,685,AACGAG,GAACAA,missense_variant,MODERATE,NS1,p.LysArgVal224ArgThrIle
NC_007364.1,711,GATCAGA,AATAAGG,synonymous_variant,LOW,NEP,p.78
NC_007364.1,723,C,G,synonymous_variant,LOW,NEP,p.Leu79Leu
NC_007364.1,837,T,G,synonymous_variant,LOW,NEP,p.Ser117Ser
